Family,Prevalence,MeanPercent,SpearmanRho,P,BHq,PartialSpearmanRho,PartialP,PartialBHq,RGB_1,RGB_2,RGB_3
Streptococcaceae,0.956521739130435,18.4624645788741,-0.142886317570826,0.174221991477309,0.561381972537994,-0.0895999230650983,0.398326541568796,0.997537496673587,0.664989315521929,0.78752624546876,0.24134888219394
Staphylococcaceae,0.423913043478261,0.421423895143474,-0.126968139623609,0.227789465198162,0.600535862795153,-0.0323079167419446,0.761115114615184,0.997537496673587,0.957447262680225,0.938579354157188,0.178422188797825
Micrococcaceae,0.543478260869565,0.321335071230714,-0.10390397575729,0.324301646099582,0.618348205187275,-0.0518553444132986,0.625437320168152,0.997537496673587,0.821650191320639,0.821650191320639,0.821650191320639
Atopobiaceae,0.33695652173913,0.120190932821497,-0.0960351640070671,0.362479982351161,0.618348205187275,-0.0463546833600855,0.662606521721387,0.997537496673587,0.815686274509804,0.815686274509804,0.815686274509804
Gemellaceae,0.271739130434783,0.10605766949656,-0.0713126098853857,0.49934854690695,0.689576564776264,-0.0681432606145143,0.520999293227559,0.997537496673587,0.427450980392157,0.541176470588235,0.945098039215686
Lactobacillaceae,0.793478260869565,2.54115961781956,-0.0552965808263361,0.600601847467448,0.747575140028562,0.0105252563213763,0.921122951728098,0.997537496673587,0.265787349579001,0.384529952537282,0.80199205112381
Actinomycetaceae,0.869565217391304,1.50410254269408,-0.0486605628768611,0.645066067186098,0.747575140028562,-0.010384668473181,0.922173214108189,0.997537496673587,0.761163109365506,0.761163109365506,0.761163109365506
Family XI,0.33695652173913,0.101999573162832,-0.0449873018046452,0.670239780715263,0.747575140028562,-0.0460903265478295,0.664414526898466,0.997537496673587,0.745098039215686,0.658823529411765,0.603921568627451
Prevotellaceae,0.271739130434783,0.47365996506957,0.0035607123832427,0.973127312032103,0.973127312032103,0.00465081821901957,0.965101373662882,0.997537496673587,0.108768585711371,0.966337004464308,0.919795848863524
Veillonellaceae,0.684782608695652,1.38124827073023,0.00963048861769118,0.927403976437669,0.960525547024728,0.0607607158480597,0.567229357708373,0.997537496673587,0.738494522651271,0.738494522651271,0.738494522651271
Carnobacteriaceae,0.25,0.115834898688062,0.0140468371777681,0.894274906846059,0.960517492538359,0.0242182898087992,0.819749273094784,0.997537496673587,0.16936318391782,0.290899112127137,0.714379475029347
Enterococcaceae,0.880434782608696,21.777080694503,0.0466389945396471,0.65887314919011,0.747575140028562,0.163660999846517,0.12111367585311,0.812052063485374,0.0313182065137589,0.445707378352214,0.162705524983028
Bifidobacteriaceae,0.66304347826087,1.37720757640957,0.0592795860091243,0.574586455204581,0.747575140028562,0.0311431643985137,0.769483129234757,0.997537496673587,0.724537173761993,0.724537173761993,0.724537173761993
Anaerovoracaceae,0.456521739130435,0.116965686671037,0.0802957313860171,0.446735280645168,0.647766156935494,0.0124829326668245,0.906512969008915,0.997537496673587,0.745098039215686,0.658823529411765,0.603921568627451
Clostridiaceae,0.445652173913043,0.345054482418841,0.0803890601631354,0.446205465581191,0.647766156935494,0.0535457579911483,0.614194828840811,0.997537496673587,0.588084562431047,0.519697663906388,0.47672077730825
Corynebacteriaceae,0.206521739130435,0.137948164637537,0.0863836542982142,0.412919764036235,0.647766156935494,0.0879584643185161,0.40705933955379,0.997537496673587,0.816131025773187,0.816131025773187,0.816131025773187
Monoglobaceae,0.25,0.312473016950899,0.0967062917390065,0.359119823474277,0.618348205187275,0.0146606674638317,0.890297380012261,0.997537496673587,0.745098039215686,0.658823529411765,0.603921568627451
Acidaminococcaceae,0.304347826086957,1.08667235199462,0.0967616367692992,0.358843587376291,0.618348205187275,0.0205898850226286,0.846394906412209,0.997537496673587,0.821497425833164,0.821497425833164,0.821497425833164
Tannerellaceae,0.304347826086957,0.239573263281502,0.101596407121222,0.335220865725556,0.618348205187275,0.0447702655477637,0.673471343529387,0.997537496673587,0.106846317423052,0.953639725566178,0.909795699241079
Erysipelatoclostridiaceae,0.826086956521739,4.55515559741634,0.114939105352213,0.275271073349357,0.618348205187275,0.00780882241583122,0.941437872705123,0.997537496673587,0.939442554525169,0.58924261283472,0.133668223481593
[Eubacterium] coprostanoligenes group,0.315217391304348,0.38585132138359,0.129579070661406,0.218291759950078,0.600535862795153,0.000328066844531158,0.997537496673587,0.997537496673587,0.745098039215686,0.658823529411765,0.603921568627451
Peptostreptococcaceae,0.728260869565217,2.6781869868675,0.162464380225779,0.121791751762178,0.441495100137895,0.065825550597772,0.535305102080034,0.997537496673587,0.616721009126817,0.544740077686898,0.497986599853283
Erysipelotrichaceae,0.83695652173913,6.27734055233598,0.185164021114103,0.0772177963316784,0.319902299088382,0.107694442071925,0.309583431729092,0.997537496673587,0.991460025077497,0.644671686390989,0.195023926794542
Akkermansiaceae,0.532608695652174,2.46382429025783,0.187955387249724,0.0727840482545282,0.319902299088382,0.177530726957465,0.0922734483448846,0.812052063485374,0.768678366334757,0.0535065581158189,0.881546473154396
Lachnospiraceae,0.945652173913043,20.3948702946824,0.212807935494126,0.0416835340320796,0.241764497386062,0.0922336309688925,0.384548942858247,0.997537496673587,0.694643283260919,0.614253401061592,0.562620763827399
Bacteroidaceae,0.565217391304348,2.48487348528442,0.22028804438078,0.0348554764038603,0.241764497386062,0.153741520068544,0.145671434205522,0.812052063485374,0.105011567284585,0.935015107602482,0.89132848345085
Oscillospiraceae,0.510869565217391,0.605753497408379,0.249123451725375,0.0166329026567352,0.160784725681774,0.145760890363721,0.168010771755595,0.812052063485374,0.745098039215686,0.658823529411765,0.603921568627451
Ruminococcaceae,0.739130434782609,5.19210807766931,0.27216313805045,0.00867645714306089,0.125808628574383,0.176932894945343,0.0933930480532992,0.812052063485374,0.73041584114009,0.645385457419905,0.591227532675417
Enterobacteriaceae,0.565217391304348,1.00844868359418,0.404624893305409,6.32226124326681e-05,0.00183345576054738,0.404735430102403,6.91390437445577e-05,0.00200503226859217,0.817489209677488,0.0942138664917124,0.0941008843001797
