SampleID,PatientID,DominantASV,KYNTRP_stool,KYNTRP_plasma,neopterin_stool,neopterin_plasma,tryptophan_stool,kynurenine_stool,InverseSimpson,ReadDepth,UnclassifiedPercent,EnterobacteriaceaePercent
1004B,FMT.0002,ASV_6,0.0023513636409643,0.01646118354712,432.71,0,53352.02,125.45,7.97539657598896,6551,0,0
1042Q,1042,ASV_2,0.000760273187719514,0.0589187794373464,4564.965,NaN,563071.284,428.088,1.24107214782898,17791,3.70974088022034,0.134899668371649
1042T,1042,ASV_2,0.000448031293004535,0.075984913875795,3204.56,14.677,393432.34,176.27,2.57499880846683,17394,4.2715879038749,0.126480395538692
1044K,1044,ASV_2,0.000883431684180786,0.0947153196056467,1856.728,NaN,248530.819,219.56,2.03148265050948,16770,2.74299344066786,0.0834824090638044
1044S,1044,ASV_2,0.000422130871560651,0.0822427883962697,10853.18,13.716,1217418.66,513.91,1.67996253761284,19306,2.94209054180048,0
1064H,1064,ASV_19,0.0115276814161958,0.243723700034971,0,16.583,23897.26,275.48,3.53573838310421,1165,0,0
1064O,1064,ASV_34,0.0158733034975068,0.0375022962625227,2993.082,NaN,42769.61,678.895,5.27024018931834,9876,0.162008910490077,0
1066S,1066,ASV_29,0.000983962308621922,0.0182116350604112,2036.15,8.728,1335193.42,1313.78,9.2370426658292,3630,0.853994490358127,0.165289256198347
1075G,1075,ASV_703,0.000802723871496502,0.0444193227227648,556.55,0,927330.09,744.39,3.2652327737529,5819,0.309331500257776,0
1075K,1075,ASV_703,0.000896579612594381,0.0559881291256142,2888.398,NaN,552130.556,495.029,2.86911124037063,41293,0.0823384108686702,0
1110K,1110,ASV_27,0.000994469610624854,0.0508520583628227,1635.15,12.731,722455.46,718.46,12.8676031421728,7008,0.313926940639269,0.0998858447488584
1110P,1110,ASV_2,0.000295305415721383,0.0522108256679258,2335.91,13.875,875839,258.64,2.54459369304514,6259,1.85333120306758,0.143792938169037
1160S,1160,ASV_6,0.0120402743922857,0.0512559043669644,589.39,8.992,37627.88,453.05,4.52955903771363,52349,0.278897400141359,0.307551242621636
1170I,1170,ASV_70,0.000728281728598936,0.0522666261242149,1470.129,NaN,1838288.601,1338.792,6.30535964827349,251139,0.0728680133312628,0.0107510183603502
1176Z,1176,ASV_2,0.0122358361030476,0.19339146379403,6773.25,14.408,45627.45,558.29,6.42397593800577,101839,1.52593800017675,2.44994550221428
1196C,1196,ASV_8,0.000325340252516324,0.0977549477993295,8443.228,NaN,862687.595,280.667,7.22452832480392,20608,1.40236801242236,0
1196L,1196,ASV_8,0.000691085736961867,0.0692414771703851,7473.8,21.258,640673.04,442.76,2.96356517586496,13585,0.404858299595142,0
1210K,1210,ASV_2,0.00042469831055849,0.024363215445232,7279.55,NaN,2227042.059,945.821,1.51004831867716,76926,2.55570288329043,0.102696097548293
1221P,1221,ASV_8,0.00042566410189591,0.0210450037364448,1251.081,NaN,1168566.947,497.417,5.39813989146072,29974,0.804030159471542,0
1234G,1234,ASV_2,0.00126342047697465,0.0353609448668536,4273.342,NaN,947826.968,1197.504,1.55031312478363,170233,2.11181145841288,0.0281966481234543
1234I,1234,ASV_2,0.000846170131138678,0.0501727167615341,9513.79,18.468,477598.99,404.13,1.60461405152816,134117,2.09518554694781,0.01938605844151
1245P,1245,ASV_6,0.000897173055909623,0.038990244569098,1697.737,NaN,504202.614,452.357,5.23763636513862,31477,1.24853067318995,0.0349461511579884
1259R,1259,ASV_8,0.0012951922238919,0.0343592182346161,3215.409,NaN,693394.373,898.079,2.28057803133936,223892,2.13942436531899,0.0634234362996445
1261K,1261,ASV_472,0.00165122574942213,0.0457028671374032,703.96,0,456515.41,753.81,3.11897389271204,18370,2.4169842133914,0.065323897659227
1303G,1303,ASV_2,0.000805150353954259,0.0854524916597352,2775.17,16.994,1689982.49,1360.69,2.01040277449267,9725,2.59125964010283,0
1303J,1303,ASV_18,0.00440445246109483,0.0674843830171987,0,NaN,194298.385,855.778,8.7153004003255,27425,0.218778486782133,0.342752962625342
1337H,1337,ASV_32,0.000511813381342319,0.0535374414967073,5679.186,NaN,2757251.083,1411.198,5.90015755330018,160887,0.7104365175558,0.0149173022058961
1629D,1629,ASV_56,0.00203514700496628,0.0112998641119225,263.79,0,154411.45,314.25,14.0315699925461,13145,0,0.0532521871434005
191A,191,ASV_9,0.00407321696181141,0.0405912370449499,0,NaN,73625.344,299.892,13.5117765087242,10577,0.349815637704453,0.340361161009738
205A,205,ASV_223,0.000888918805545109,0.0683263221851151,0,NaN,127881.196,113.676,18.8562610341715,42476,0.113004991053772,0
220A,220,ASV_136,0.00126623564109047,0.0506157983682515,0,NaN,377466.077,477.961,25.1742181497342,30313,0.164945732853891,0
238A,238,ASV_68,0.00124838357326992,0.0412879314722625,420.552,NaN,273829.3,341.844,12.2671679950506,10900,0.110091743119266,0
264A,264,ASV_19,0.0022637267448747,0.0405075621885939,0,NaN,94412.897,213.725,14.7896401818974,14788,0.06086015688396,0.24344062753584
271A,271,ASV_52,0.00426646229811977,0.0522654017027138,1076.908,NaN,143805.56,613.541,7.41654902106475,8190,0,1.29426129426129
298A,298,ASV_287,0.00227326922897408,0.06187696476189,358.259,NaN,70703.46,160.728,12.3667542085574,15571,0.423864877014964,0
640F,640,ASV_2,0.000484847842144059,0.0730294785851243,23275.491,NaN,1536688.287,745.06,1.59916094047212,19825,1.15510718789407,0
665I,665,ASV_2,0.00589170087812458,0.0244315084741048,1171.166,NaN,79157.447,466.372,3.59089147520655,21998,1.32739339939995,0.0909173561232839
684A,684,ASV_1789,0.00243486450323596,0.0609245993298908,99.91,7.267,90551.24,220.48,17.6335156130554,29356,0.241858563837035,0.0306581278103284
684B,684,ASV_82,0.0014336903049032,0.0558665117802703,0,NaN,73592.602,105.509,16.6544865655591,3033,0.0989119683481701,0.19782393669634
690A,690,ASV_309,0.000461991759608319,0.0281145966229655,1126.58,0,1220779.35,563.99,13.4909674834887,54437,0.00183698587357863,0.304939655014053
691A,691,ASV_38,0,0.034622583737899,0,NaN,52123.158,0,20.123050107933,31458,0.0158942081505499,0.0794710407527497
697A,697,ASV_26,0.0015224066773125,0.0274570458630447,0,13.226,108098.58,164.57,15.3520082273208,41331,0.0895211826474075,0
703A,703,ASV_20,0.00260622350215231,0.0325947180950344,138.535,NaN,130023.768,338.871,14.8941597797204,69641,0.0244109073677862,0.0258468430953031
704A,704,ASV_63,0.00403436188095965,0.0488180846752648,891.09,34.556,68404.87,275.97,27.5303106923162,33662,0,0.377280019012536
762A,762,ASV_76,0.00283020295733507,0.0413190460338257,436.75,0,48894.02,138.38,6.67620848650156,25785,0.0155128950940469,0
843D,843,ASV_2,0.00448491952233453,0.0810438006208439,4227.3,26.143,101201.37,453.88,1.02676792405087,10889,0.486729727247681,0.110202957112683
843E,843,ASV_2,0.00085719665624589,0.0691704289615766,2470.23,NaN,1101940.836,944.58,1.04907035905499,20668,0.508031739887749,0
847E,847,ASV_2,0.000756970075468263,0.0575867280018915,18571.544,NaN,2280232.807,1726.068,2.56951284273582,11034,0.299075584556824,0
866A,866,ASV_9,0.00209218076621406,0.0661524547969062,73.62,16.349,22273.41,46.6,10.2577179305105,34262,0,0.227657463078629
878A,878,ASV_4096,0.00712202572706338,0.377624819886836,9680.597,NaN,118248.941,842.172,9.41828629170564,5882,0,6.44338660319619
885C,885,ASV_19,0.000546349217338836,0.0453249544735349,9015.544,NaN,1663097.468,908.632,3.73282601616516,11572,0.0172830971310059,0
982A,982,ASV_38,0.0222860994889714,0.215156214740539,11326.04,64.325,691924.13,15420.29,30.0812574395777,5282,0.189322226429383,0
FMT.0002B,FMT.0002,ASV_821,0.000571240854056994,0.0314515051783429,1542.89,0,3996737.95,2283.1,5.03825490036703,16267,0,0
FMT.0009I,FMT.0009,ASV_145,0.000498428655851394,0.110377897900329,4310.34,18.445,1365270.62,680.49,3.85130407941705,11671,1.09673549824351,0
FMT.0011C,FMT.0011,ASV_2,0.000682662764492268,0.0595543163406056,3443.25,0,293907.93,200.64,1.51240678182477,2155,0,1.62412993039443
FMT.0016Y,FMT.0016,ASV_4,0.000353236386156006,0.05291412257702,8975.58,22.714,878844.91,310.44,1.9008969018218,42962,0,0
FMT.0023H,FMT.0023,ASV_594,0.00234878624490009,0.0683534317858426,0,16.285,61086.87,143.48,10.3551574429862,789,0,0
FMT.0023K,FMT.0023,ASV_171,0,0.0380768893967495,181.607,NaN,246758.063,0,15.1968094683049,4939,0.242964162785989,0
FMT.0028C,FMT.0028,ASV_2,0.00275559425884693,0.0701868960725414,3040.15,18.04,425091.61,1171.38,2.62792806695129,4106,0.0243546030199708,3.09303458353629
FMT.0033L,FMT.0033,ASV_19,0.000591418041529161,0.0566915580739602,894.161,NaN,836440.496,494.686,6.18779855869473,6896,0.696055684454756,0
FMT.0042E,FMT.0042,ASV_19,0.00224562139632158,0.0427015447637896,1089.29,NaN,217431.131,488.268,10.491413000154,17808,0.634546271338724,13.7297843665768
FMT.0048A,FMT.0048,ASV_20,0.00264371059442165,0,0,NaN,161058.098,425.791,18.1814150828128,420247,0.0268889486421081,0
FMT.0048E,FMT.0048,ASV_2255,0.00523771841855018,0.0303901002431461,356.9,0,52001.65,272.37,19.5655794165719,41138,0.0948028586708153,5.44265642471681
FMT.0053A,FMT.0053,ASV_26,0.000518865970410727,0.0717771281762746,0,0,322009.94,167.08,18.2716759143249,2767,0,0
FMT.0055T,FMT.0055,ASV_292,0.000641283068248818,0.0211598518846693,4864.224,NaN,1518544.693,973.817,13.5307978721051,54553,0.427107583450956,0
FMT.0063EE,FMT.0063,ASV_8,0.00106816555334191,0.0891762048490486,1801.37,61.874,2182021.31,2330.76,1.7108949971437,28608,1.66037472035794,0.0664149888143177
FMT.0069M,FMT.0069,ASV_2,0.00285933460159262,0.054889883527827,1518.701,NaN,121105.099,346.28,1.60028539154297,10482,1.65044838771227,0.534249189086052
FMT.0069S,FMT.0069,ASV_4,0.00544274585043117,0.0338323773033036,1902.92,17.57,29292.2,159.43,3.98663176121791,17381,3.08958057649157,35.3489442494678
FMT.0079G,FMT.0079,ASV_16,0.000935810499571711,0.0485827122520852,1379.292,NaN,826046.513,773.023,3.20407304900417,18195,0.412201154163232,0
FMT.0080G,FMT.0080,ASV_8,0.000413945180621743,0.151211201180632,1798.526,NaN,1082174.696,447.961,2.35524655489555,10112,3.56012658227848,0
FMT.0090H,FMT.0090,ASV_8,0.00101942768049908,0.14896491702355,37128.213,NaN,737500.084,751.828,1.7597993145526,42240,0,0
FMT.0090Q,FMT.0090,ASV_8,0.00106218916332908,0.192281107856295,4824.67,77.011,492002.76,522.6,1.60054481813878,56132,0.0142521200028504,0.0124706050024941
FMT.0091DD,FMT.0091,ASV_8,0.000850634201823353,0.097593285806927,14635.75,21.592,1114650.69,948.16,1.85534428782045,24953,1.34252394501663,0
FMT.0091KK,FMT.0091,ASV_103,0.0134464056628676,0.0322467418132808,1709.156,NaN,24991.437,336.045,4.97474531004707,254941,0.0976696569010085,6.25203478451877
FMT.0092T,FMT.0092,ASV_2,0.00208676163825617,0.131236720375958,3546.695,NaN,1260582.882,2630.536,1.53227157631907,55071,0,3.66799222821449
FMT.0093M,FMT.0093,ASV_8,0.000666721784743608,0.0634799383136757,444.1,0,1117842.58,745.29,2.04506111750502,34149,0,0
FMT.0097K,FMT.0097,ASV_2,0.0020427173672541,0.0823521832782081,70.55,11.47,95994.68,196.09,1.64294194015623,10145,4.45539674716609,0
FMT.0097N,FMT.0097,ASV_2,0.000844666853222225,0.0442390787422349,6733.07,NaN,605592.605,511.524,1.20243078136827,1062,0,0.470809792843691
FMT.0103O,FMT.0103,ASV_8,0.000650622105079005,0.0262281689521727,770.65,0,738400.98,480.42,1.60555071824738,37464,1.06769165065129,0.0480461242793081
FMT.0107J,FMT.0107,ASV_16,0.00229977794106664,0.0881587195904903,2406.52,26.807,142065.89,326.72,4.33579272997544,37996,9.67733445625855,0
FMT.0108K,FMT.0108,ASV_8,0.00361053304950704,0.0425057015960276,1870.655,NaN,651278.625,2351.463,20.4155527868159,319498,0.62660799128633,0.260408515859254
FMT.0108P,FMT.0108,ASV_8,0.00196964162592087,0.036929673879739,1108.6,0,678869.69,1337.13,4.98494524320091,135492,0.88344699318041,0.0671626369084522
FMT.0122I,FMT.0122,ASV_1945,0.00693215124224987,0.208360639594239,2353.46,40.071,1514658.24,10499.84,3.22250449358831,11322,0.70658894188306,0
FMT.0126B,FMT.0126,ASV_58,0.000784412620033596,0.0299194214893116,358.69,0,641205.9,502.97,17.4945524558076,67814,0.00147462175951868,0.219718642168284
FMT.0130A,FMT.0130,ASV_14,0.00214208848665779,0.0300083690680234,0,4.964,88679.81,189.96,43.5630392097196,50650,2.41658440276407,0.0612043435340573
FMT.0130F,FMT.0130,ASV_14,0.000428649054891326,0.12295755956366,1028.878,NaN,1565875.376,671.211,3.89131091815435,35075,0.208125445473984,0
FMT.0136N,FMT.0136,ASV_6,0.00288962060038552,0.03564215675635,386.46,32.024,24833.71,71.76,8.25851560051742,256863,8.99273153393054,6.40302418020501
FMT.0161T,FMT.0161,ASV_8,0.0486154739711545,0.0549697906289512,11191.308,NaN,294270.524,14306.101,8.70895328575139,20160,1.17559523809524,1.35416666666667
FMT.0171V,FMT.0171,ASV_17,0.000706044238040942,0.020685914557095,0,10.206,136974.42,96.71,18.0540563259451,26481,0.128393942826933,0.03021033948869
FMT.0187B,FMT.0187,ASV_1384,0.0019272304782667,0.0393499527233428,0,29.138,104548.99,201.49,17.1426971143157,18329,1.69130885482023,0.043646680124393
FMT.0222H,FMT.0222,ASV_8,0.000669009953804613,0.124973005667153,15539.235,NaN,1577546.035,1055.394,2.38317883412605,26750,1.06915887850467,0
FMT.0225D,FMT.0225,ASV_29,0.00267315376576725,0.0753501142951963,0,NaN,106140.92,283.731,9.72514544363842,58911,0,0.0339495170681197
